{"cameraMode":{"drawMode":0,"name":"Shaded","section":"Shading Mode"},"sceneLighting":false,"audioPlay":false,"sceneViewState":{"showFog":true,"showMaterialUpdate":false,"showSkybox":false,"showFlares":true,"showImageEffects":true,"showParticleSystems":true,"showVisualEffectGraphs":true,"m_FxEnabled":true},"in2DMode":false,"pivot":{"x":0.027273893356323243,"y":-0.024617910385131837,"z":0.07047200202941895},"rotation":{"x":-0.08709532767534256,"y":0.9003872275352478,"z":-0.21206392347812653,"w":-0.3697919249534607},"size":2.2096974849700929,"orthographic":false}